center_id,center_name,period_id,period_label,production_units,cost_mxn,unit_cost_mxn,anomalies
DEMO-CC-001,Centro ficticio norte,2026-01,Enero 2026,100,500.00,5.00,
DEMO-CC-001,Centro ficticio norte,2026-02,Febrero 2026,104,520.00,5.00,
DEMO-CC-001,Centro ficticio norte,2026-03,Marzo 2026,108,540.00,5.00,
DEMO-CC-001,Centro ficticio norte,2026-04,Abril 2026,112,560.00,5.00,
DEMO-CC-001,Centro ficticio norte,2026-05,Mayo 2026,116,580.00,5.00,
DEMO-CC-001,Centro ficticio norte,2026-06,Junio 2026,120,600.00,5.00,
DEMO-CC-002,Centro ficticio sur,2026-01,Enero 2026,80,400.00,5.00,
DEMO-CC-002,Centro ficticio sur,2026-02,Febrero 2026,90,450.00,5.00,
DEMO-CC-002,Centro ficticio sur,2026-03,Marzo 2026,0,100.00,,zero_production
DEMO-CC-002,Centro ficticio sur,2026-04,Abril 2026,100,550.00,5.50,
DEMO-CC-002,Centro ficticio sur,2026-05,Mayo 2026,110,605.00,5.50,
DEMO-CC-002,Centro ficticio sur,2026-06,Junio 2026,120,660.00,5.50,
DEMO-CC-003,Centro ficticio este,2026-01,Enero 2026,50,250.00,5.00,
DEMO-CC-003,Centro ficticio este,2026-02,Febrero 2026,55,,,missing_cost
DEMO-CC-003,Centro ficticio este,2026-03,Marzo 2026,60,360.00,6.00,
DEMO-CC-003,Centro ficticio este,2026-04,Abril 2026,,300.00,,missing_production
DEMO-CC-003,Centro ficticio este,2026-05,Mayo 2026,70,420.00,6.00,
DEMO-CC-003,Centro ficticio este,2026-06,Junio 2026,75,450.00,6.00,
DEMO-CC-004,Centro ficticio oeste,2026-01,Enero 2026,40,400.00,10.00,
DEMO-CC-004,Centro ficticio oeste,2026-02,Febrero 2026,45,450.00,10.00,
DEMO-CC-004,Centro ficticio oeste,2026-03,Marzo 2026,48,480.00,10.00,
DEMO-CC-004,Centro ficticio oeste,2026-04,Abril 2026,50,500.00,10.00,
DEMO-CC-004,Centro ficticio oeste,2026-05,Mayo 2026,55,550.00,10.00,
DEMO-CC-004,Centro ficticio oeste,2026-06,Junio 2026,60,1800.00,30.00,high_unit_cost
