record_id,center_id,period_id,cost_cents
DEMO-C-001,DEMO-CC-001,2026-01,20000
DEMO-C-002,DEMO-CC-001,2026-01,30000
DEMO-C-003,DEMO-CC-001,2026-02,52000
DEMO-C-004,DEMO-CC-001,2026-03,54000
DEMO-C-005,DEMO-CC-001,2026-04,56000
DEMO-C-006,DEMO-CC-001,2026-05,58000
DEMO-C-007,DEMO-CC-001,2026-06,60000
DEMO-C-008,DEMO-CC-002,2026-01,40000
DEMO-C-009,DEMO-CC-002,2026-02,45000
DEMO-C-010,DEMO-CC-002,2026-03,10000
DEMO-C-011,DEMO-CC-002,2026-04,55000
DEMO-C-012,DEMO-CC-002,2026-05,60500
DEMO-C-013,DEMO-CC-002,2026-06,66000
DEMO-C-014,DEMO-CC-003,2026-01,25000
DEMO-C-015,DEMO-CC-003,2026-03,36000
DEMO-C-016,DEMO-CC-003,2026-04,30000
DEMO-C-017,DEMO-CC-003,2026-05,42000
DEMO-C-018,DEMO-CC-003,2026-06,45000
DEMO-C-019,DEMO-CC-004,2026-01,40000
DEMO-C-020,DEMO-CC-004,2026-02,45000
DEMO-C-021,DEMO-CC-004,2026-03,48000
DEMO-C-022,DEMO-CC-004,2026-04,50000
DEMO-C-023,DEMO-CC-004,2026-05,55000
DEMO-C-024,DEMO-CC-004,2026-06,180000
