record_id,center_id,period_id,units
DEMO-P-001,DEMO-CC-001,2026-01,40
DEMO-P-002,DEMO-CC-001,2026-01,60
DEMO-P-003,DEMO-CC-001,2026-02,104
DEMO-P-004,DEMO-CC-001,2026-03,108
DEMO-P-005,DEMO-CC-001,2026-04,112
DEMO-P-006,DEMO-CC-001,2026-05,116
DEMO-P-007,DEMO-CC-001,2026-06,120
DEMO-P-008,DEMO-CC-002,2026-01,80
DEMO-P-009,DEMO-CC-002,2026-02,90
DEMO-P-010,DEMO-CC-002,2026-03,0
DEMO-P-011,DEMO-CC-002,2026-04,100
DEMO-P-012,DEMO-CC-002,2026-05,110
DEMO-P-013,DEMO-CC-002,2026-06,120
DEMO-P-014,DEMO-CC-003,2026-01,50
DEMO-P-015,DEMO-CC-003,2026-02,55
DEMO-P-016,DEMO-CC-003,2026-03,60
DEMO-P-017,DEMO-CC-003,2026-05,70
DEMO-P-018,DEMO-CC-003,2026-06,75
DEMO-P-019,DEMO-CC-004,2026-01,40
DEMO-P-020,DEMO-CC-004,2026-02,45
DEMO-P-021,DEMO-CC-004,2026-03,48
DEMO-P-022,DEMO-CC-004,2026-04,50
DEMO-P-023,DEMO-CC-004,2026-05,55
DEMO-P-024,DEMO-CC-004,2026-06,60
